jahr,gewinner_fahrer,runnerup_fahrer,gewinner_team,runnerup_team,kurzzusammenfassungjahr,beschreibung
1950,"Giuseppe Farina","Juan Manuel Fangio","Nicht ausgetragen","Nicht ausgetragen","Giuseppe Farina gewann die erste ausgetragene Formel-1-Weltmeisterschaft vor seinem Alfa-Romeo-Teamkollegen Juan Manuel Fangio.","Die Saison 1950 war die Premiere der Formel-1-WM. Farina und Fangio dominierten im überlegenen Alfa-Romeo-Team; Farina entschied das Titelduell erst im letzten Rennen in Monza knapp für sich."
1951,"Juan Manuel Fangio","Alberto Ascari","Nicht ausgetragen","Nicht ausgetragen","Juan Manuel Fangio errang im zweiten WM-Jahr seinen ersten Fahrertitel, Alberto Ascari wurde Vizemeister.","Fangio holte 1951 mit Alfa Romeo die Weltmeisterschaft, nachdem er gegen Saisonende Ferraris neuen Star Alberto Ascari in Schach hielt. Ascari wurde Zweiter, während Alfa Romeo den Titel aus dem Vorjahr erfolgreich verteidigte."
1952,"Alberto Ascari","Giuseppe Farina","Nicht ausgetragen","Nicht ausgetragen","Alberto Ascari dominierte 1952 im Ferrari und wurde überlegen Weltmeister; Giuseppe Farina belegte Platz 2.","Durch den Wechsel zur Formel-2-Regel dominierte Ferrari 1952. Alberto Ascari gewann sechs von acht WM-Läufen in Serie und sicherte sich mühelos den Titel. Sein Teamkollege und Vorjahressieger Farina wurde mit großem Abstand Vizeweltmeister."
1953,"Alberto Ascari","Juan Manuel Fangio","Nicht ausgetragen","Nicht ausgetragen","Alberto Ascari verteidigte seinen Titel erfolgreich, Juan Manuel Fangio musste sich als Zweiter erneut geschlagen geben.","Ascari setzte 1953 seine Siegesserie fort und wurde zum zweiten Mal in Folge Weltmeister. Er gewann fünf Grand Prix in einem erneut überlegenen Ferrari. Fangio, der verletzungsbedingt nur teilweise antreten konnte, belegte in der Gesamtwertung Rang 2."
1954,"Juan Manuel Fangio","José Froilán González","Nicht ausgetragen","Nicht ausgetragen","Juan Manuel Fangio sicherte sich 1954 mit zwei verschiedenen Teams seinen zweiten Titel; José Froilán González wurde Vize.","1954 kehrte Mercedes in die Formel 1 zurück. Fangio startete die Saison im Maserati und wechselte zur dominanten Mercedes-Mannschaft – insgesamt holte er 6 Siege und seinen zweiten WM-Titel. Sein Landsmann José Froilán González im Ferrari lag am Saisonende auf Platz 2 der Fahrer-WM."
1955,"Juan Manuel Fangio","Stirling Moss","Nicht ausgetragen","Nicht ausgetragen","Juan Manuel Fangio gewann im überlegenen Mercedes seinen dritten WM-Titel in vier Jahren, Stirling Moss wurde Zweiter.","Mercedes beherrschte die Saison 1955. Fangio gewann vier der sieben WM-Läufe und holte überlegen seinen dritten Titel. Sein Teamkollege Stirling Moss feierte in Aintree seinen ersten Sieg und beendete die WM hinter Fangio auf dem zweiten Platz."
1956,"Juan Manuel Fangio","Stirling Moss","Nicht ausgetragen","Nicht ausgetragen","Juan Manuel Fangio errang 1956 mit Ferrari seinen vierten Weltmeistertitel knapp vor Stirling Moss.","Fangio wechselte 1956 zu Ferrari und lieferte sich einen engen Schlagabtausch mit Stirling Moss (Maserati). Fangio gewann den Titel mit nur drei Punkten Vorsprung – im Finale profitierte er von der Teamhilfe seines Kollegen Peter Collins, der ihm sein Auto überließ. Moss blieb erneut nur die Rolle des Vizemeisters."
1957,"Juan Manuel Fangio","Stirling Moss","Nicht ausgetragen","Nicht ausgetragen","Juan Manuel Fangio gewann 1957 in überlegener Manier seinen fünften und letzten WM-Titel; Stirling Moss wurde zum dritten Mal in Folge Zweiter.","Fangio krönte sich 1957 im Maserati zum fünften Mal zum Weltmeister – ein Rekord für die Ewigkeit. Er dominierte mit vier Saisonsiegen, darunter dem legendären Sieg am Nürburgring, und beendete anschließend seine volle Saison-Karriere. Stirling Moss blieb in der Gesamtwertung erneut nur Rang 2."
1958,"Mike Hawthorn","Stirling Moss","Vanwall","Ferrari","Mike Hawthorn wurde 1958 als erster Brite Fahrerweltmeister, denkbar knapp mit einem Punkt Vorsprung vor Stirling Moss.","Die Saison 1958 war äußerst knapp: Mike Hawthorn gewann seinen einzigen Titel mit nur einem Punkt Vorsprung auf Stirling Moss, obwohl Moss vier Rennen gewann und Hawthorn nur eines. Ausschlaggebend war u.a. Moss’ Fairplay-Protest zugunsten von Hawthorn in Portugal. Erstmals gab es auch eine Konstrukteurs-WM: Vanwall holte diesen Titel vor Ferrari."
1959,"Jack Brabham","Tony Brooks","Cooper-Climax","Ferrari","Jack Brabham holte 1959 im Cooper den Titel und wurde damit der erste Weltmeister auf einem Mittelmotor-Wagen; Tony Brooks wurde Vizemeister.","1959 markierte einen Wendepunkt: Der von einem Mittelmotor-Cooper pilotierte Jack Brabham gewann die WM. Im letzten Rennen in Sebring ging Brabham das Benzin aus, doch er schob sein Auto ins Ziel und sicherte so genügend Punkte für den Titel. Ferrari-Pilot Tony Brooks beendete die Saison als Zweiter."
1960,"Jack Brabham","Bruce McLaren","Cooper-Climax","Team Lotus","Jack Brabham verteidigte 1960 seinen Titel erfolgreich – erneut im Cooper –, Bruce McLaren wurde Zweiter.","Jack Brabham dominierte 1960 die zweite Saisonhälfte und gewann fünf Grands Prix in Folge. Damit verteidigte er seinen WM-Titel souverän. Sein Cooper-Teamkollege Bruce McLaren wurde in der Gesamtwertung Zweiter und sorgte für einen Doppelerfolg der revolutionären Mittelmotor-Cooper."
1961,"Phil Hill","Wolfgang von Trips","Ferrari","Team Lotus","Phil Hill gewann 1961 die Fahrer-WM und wurde der erste US-amerikanische Weltmeister; sein Ferrari-Teamkollege Wolfgang von Trips verunglückte im Titelkampf tödlich.","Ferrari beherrschte die Saison 1961 mit dem 'Haifischmaul'-Ferrari 156. Phil Hill sicherte sich den Titel – als erster Amerikaner – beim Finale in Monza, tragischerweise am Tag des tödlichen Unfalls seines Teamkollegen und WM-Rivalen Wolfgang von Trips. Ferrari belegte überlegen die Spitzenplätze, während Stirling Moss auf privaten Lotus als Dritter glänzte."
1962,"Graham Hill","Jim Clark","BRM","Team Lotus","Graham Hill gewann 1962 auf BRM die Weltmeisterschaft, Jim Clark wurde im Lotus knapp geschlagen Zweiter.","Die Saison 1962 sah ein enges Duell zwischen Graham Hill (BRM) und Jim Clark (Lotus). Hill entschied den Titel erst im letzten Rennen in Südafrika für sich, da Clarks Lotus dort mit technischem Defekt ausfiel. Für BRM war es der erste und einzige Fahrer-Titel; Lotus gewann dafür mehrere Rennen und Clark wurde Vizemeister."
1963,"Jim Clark","Graham Hill","Lotus-Climax","BRM","Jim Clark dominierte 1963 im Lotus und wurde mit sieben Saisonsiegen überlegener Weltmeister; Graham Hill belegte Rang 2.","Jim Clark und Lotus waren 1963 eine Klasse für sich. Clark gewann sieben von zehn WM-Läufen und stand frühzeitig als Weltmeister fest. Graham Hill im BRM war chancenlos im Kampf um den Titel und wurde mit großem Abstand Zweiter."
1964,"John Surtees","Graham Hill","Ferrari","BRM","John Surtees sicherte sich 1964 im Ferrari den Titel und wurde damit der bisher einzige Weltmeister auf zwei und vier Rädern; Graham Hill wurde Vize.","Die Entscheidung 1964 fiel erst im letzten Rennen in Mexiko: John Surtees gewann den Titel mit knapper Punkteführung und wurde als bisher einziger Ex-Motorrad-Weltmeister auch Formel-1-Weltmeister. Ferrari taktierte geschickt – Surtees überholte dank Teamorder noch einen Rivalen – und Surtees zog an Graham Hill (BRM) vorbei, der schließlich Vizemeister wurde."
1965,"Jim Clark","Graham Hill","Lotus-Climax","BRM","Jim Clark gewann 1965 erneut die WM für Lotus, diesmal noch dominanter; Graham Hill blieb als Zweiter ohne echte Chance.","1965 holte Jim Clark zum zweiten Mal den Titel. Er gewann sechs der zehn Saisonrennen, darunter die ersten vier in Serie, und entschied die WM vorzeitig. Graham Hill, diesmal im Lotus-Teamkollege von Clark (teils aber auch im BRM unterwegs in Indy-bedingter Abwesenheit Clarks), kam in der Endabrechnung nicht annähernd an Clarks Punkte heran und wurde erneut Zweiter."
1966,"Jack Brabham","John Surtees","Brabham-Repco","Ferrari","Jack Brabham wurde 1966 im eigenen Brabham-Repco souverän Weltmeister, John Surtees (wechselte das Team) erreichte den zweiten Platz.","1966 traten neue 3-Liter-Motoren in Kraft. Jack Brabham nutzte die Chance und gewann als erster Fahrer der Geschichte in seinem eigenen Team den WM-Titel. Er profitierte auch davon, dass John Surtees Ferrari nach einem Streit verließ – Surtees wechselte zu Cooper und wurde mit deutlichem Rückstand Vizeweltmeister. Brabhams Team dominierte mit vier Saisonsiegen in Folge."
1967,"Denny Hulme","Jack Brabham","Brabham-Repco","Lotus-Ford","Denny Hulme gewann 1967 den Titel im Brabham-Team vor seinem Teamchef Jack Brabham; Lotus hatte zwar Speed, aber Zuverlässigkeitsprobleme.","Zum zweiten Mal in Folge triumphierte das Team Brabham-Repco, diesmal jedoch durch Denny Hulme. Hulmes Konstanz gab den Ausschlag gegen seinen Teamchef Jack Brabham, der WM-Zweiter wurde. Lotus stellte mit Jim Clark und Graham Hill zwar oft das schnellste Auto, fiel jedoch zu häufig aus, um in den Titelkampf einzugreifen."
1968,"Graham Hill","Jackie Stewart","Lotus-Ford","Matra-Ford","Graham Hill holte 1968 nach Jim Clarks Unfalltod den WM-Titel für Lotus, Jackie Stewart wurde auf Matra Zweiter.","Die Saison 1968 war geprägt von technischen Neuerungen (z.B. Flügel) und tragischen Verlusten: Nach dem tödlichen Unfall von Jim Clark führte Graham Hill Lotus als Teamleader zum Titel. Er gewann drei Rennen und sicherte sich seinen zweiten WM-Titel. Jackie Stewart hielt im Matra-Ford lange mit, fiel aber durch Verletzungen und Defekte zurück und wurde Zweiter."
1969,"Jackie Stewart","Jacky Ickx","Matra-Ford","Brabham-Ford","Jackie Stewart dominierte 1969 im Matra und wurde überlegen Weltmeister, Jacky Ickx wurde mit deutlichem Abstand Zweiter.","Jackie Stewart war 1969 im von Ken Tyrrell eingesetzten Matra-Ford eine Klasse für sich. Mit insgesamt 6 Siegen machte er den Titel frühzeitig klar. Hinter ihm belegte Ferraris neuer Star Jacky Ickx den zweiten Rang der Fahrer-WM, allerdings weit abgeschlagen mit rund 26 Punkten Rückstand auf Stewart."
1970,"Jochen Rindt","Jacky Ickx","Lotus-Ford","Ferrari","Jochen Rindt wurde 1970 posthum Weltmeister, da er bei einem Unfall in Monza tödlich verunglückte; Jacky Ickx wurde Vizemeister.","Die Saison 1970 verlief tragisch: Lotus-Pilot Jochen Rindt dominierte die WM zunächst, verunglückte dann aber im Training von Monza tödlich. Sein Punktevorsprung reichte dennoch – Rindt wurde als einziger Fahrer posthum Weltmeister. Jacky Ickx gewann für Ferrari noch mehrere späte Rennen, konnte Rindts Punktekonto jedoch nicht mehr übertreffen und wurde Zweiter."
1971,"Jackie Stewart","Ronnie Peterson","Tyrrell-Ford","BRM","Jackie Stewart holte 1971 im Tyrrell seinen zweiten WM-Titel mit großem Vorsprung, Ronnie Peterson wurde punktloser Vizemeister.","Jackie Stewart und das neu formierte Tyrrell-Team waren 1971 überragend. Stewart gewann sechs von elf Rennen und stand schon früh als Weltmeister fest. Der Schwede Ronnie Peterson (March) fuhr fünfmal auf Platz 2, gewann jedoch kein Rennen und wurde mit deutlichem Abstand Vizemeister."
1972,"Emerson Fittipaldi","Jackie Stewart","Lotus-Ford","Tyrrell-Ford","Emerson Fittipaldi gewann 1972 im Lotus seinen ersten Titel (als bis dahin jüngster Champion), Jackie Stewart belegte Rang 2.","Der Brasilianer Emerson Fittipaldi dominierte 1972 im Lotus 72 und wurde im Alter von 25 Jahren zum bis dahin jüngsten Formel-1-Weltmeister. Er gewann fünf Saisonläufe. Jackie Stewart (Tyrrell) hatte gesundheitliche Probleme und kam auf Rang 2 der Gesamtwertung."
1973,"Jackie Stewart","Emerson Fittipaldi","Lotus-Ford","Tyrrell-Ford","Jackie Stewart sicherte sich 1973 seinen dritten und letzten WM-Titel; Emerson Fittipaldi wurde Vizemeister.","1973 krönte Jackie Stewart seine Karriere mit dem dritten WM-Titel. Er profitierte auch von der Unzuverlässigkeit des Lotus-Teams: Obwohl Emerson Fittipaldi und Ronnie Peterson viele Siege einfuhren, reichte es für Lotus „nur“ zum Gewinn der Konstrukteurs-WM. Fittipaldi wurde Fahrer-Vize, Stewart trat nach Saisonende vom Rennsport zurück – kurz nachdem sein Teamkollege François Cevert im Training tödlich verunglückte."
1974,"Emerson Fittipaldi","Clay Regazzoni","McLaren-Ford","Ferrari","Emerson Fittipaldi gewann 1974 im McLaren seinen zweiten Titel knapp vor Clay Regazzoni im Ferrari.","Die WM 1974 war bis zum letzten Rennen hart umkämpft. Emerson Fittipaldi (McLaren) und Clay Regazzoni (Ferrari) kamen punktgleich zum Finale in Watkins Glen. Fittipaldi behielt dort die Nerven und wurde mit drei Punkten Vorsprung zum zweiten Mal Weltmeister. Regazzoni musste sich mit Rang 2 begnügen."
1975,"Niki Lauda","Emerson Fittipaldi","Ferrari","McLaren-Ford","Niki Lauda dominierte 1975 mit Ferrari und wurde überlegen Weltmeister, Emerson Fittipaldi landete als Titelverteidiger auf Platz 2.","Niki Lauda bescherte Ferrari 1975 nach langer Durststrecke wieder den WM-Titel. Mit fünf Siegen fuhr Lauda einen komfortablen Vorsprung heraus und entschied die Meisterschaft bereits in Monza für sich. Emerson Fittipaldi (nun bei McLaren) war als Zweiter chancenlos, Ferrari gewann zudem die Konstrukteurs-WM."
1976,"James Hunt","Niki Lauda","Ferrari","McLaren-Ford","Die Saison 1976 lieferte ein dramatisches Duell: James Hunt wurde knapp Weltmeister, nachdem Niki Lauda nach seinem Nürburgring-Unfall zurückkehrte und im Regenfinale aufgab.","1976 verlief hochdramatisch: Niki Lauda (Ferrari) lag zur Saisonmitte deutlich vorn, verunglückte dann jedoch schwer auf dem Nürburgring. Er kehrte erstaunlich früh zurück, doch James Hunt (McLaren) holte auf. Beim letzten Rennen in Fuji trat Lauda wegen gefährlicher Regenbedingungen zurück, wodurch Hunt mit minimalem Vorsprung Weltmeister wurde."
1977,"Niki Lauda","Jody Scheckter","Ferrari","Lotus-Ford","Niki Lauda gewann 1977 seinen zweiten Titel für Ferrari vor Jody Scheckter, verließ das Team aber noch vor Saisonende.","Trotz einer schwierigen Beziehung zu Ferrari dominierte Niki Lauda 1977 die WM und holte seinen zweiten Titel. Er stand bereits zwei Rennen vor Schluss als Weltmeister fest und quittierte daraufhin vorzeitig den Dienst bei Ferrari. Vizemeister wurde überraschend Jody Scheckter im neuen Wolf-Team. Ferrari gewann erneut den Konstrukteurspokal."
1978,"Mario Andretti","Ronnie Peterson","Lotus-Ford","Ferrari","Mario Andretti wurde 1978 im bahnbrechenden Lotus 79 (Ground-Effect) Weltmeister, Ronnie Peterson wurde posthum Zweiter.","Lotus revolutionierte 1978 mit dem Ground-Effect-Boliden die Formel 1. Mario Andretti gewann sechs Rennen und holte souverän den Titel. Sein Teamkollege Ronnie Peterson starb nach einem Startunfall in Monza; dennoch sicherte sich Peterson posthum den zweiten Gesamtrang, da sein Punktevorsprung ausreichte."
1979,"Jody Scheckter","Gilles Villeneuve","Ferrari","Williams-Ford","Ferrari erzielte 1979 mit Jody Scheckter als Weltmeister und Gilles Villeneuve als Zweitem einen Doppelerfolg in der Fahrer-WM.","Ferrari kehrte 1979 an die Spitze zurück: Jody Scheckter sicherte sich mit drei Saisonsiegen vorzeitig den Titel beim Heimrennen in Monza. Teamkollege Gilles Villeneuve gewann ebenfalls drei Rennen und machte den Ferrari-Doppelsieg perfekt. Williams etablierte sich mit einigen Siegen (durch Alan Jones) als neuer Konkurrent und gewann die Konstrukteurs-WM."
1980,"Alan Jones","Nelson Piquet","Williams-Ford","Ligier-Ford","Alan Jones gewann 1980 im Williams die Fahrer-WM, Nelson Piquet im Brabham wurde sein hartnäckiger Verfolger auf Platz 2.","1980 markierte den Aufstieg des Williams-Teams: Alan Jones holte mit fünf Siegen den ersten Fahrertitel für Frank Williams. Nelson Piquet (Brabham) hielt den Titelkampf mit zwei Saisonsiegen bis zum Finale offen, unterlag Jones aber letztlich. Williams gewann zudem souverän die Konstrukteurs-WM."
1981,"Nelson Piquet","Carlos Reutemann","Williams-Ford","Brabham-Ford","Nelson Piquet sicherte sich 1981 im Brabham-Ford knapp den Titel, Carlos Reutemann verlor die Führung im Finale und wurde Zweiter.","Die WM 1981 war bis zuletzt umkämpft. Carlos Reutemann (Williams) reiste als Führender zum Finalrennen nach Las Vegas, doch ein enttäuschendes Rennen kostete ihn den Titel. Nelson Piquet nutzte die Chance und wurde mit einem Punkt Vorsprung erstmals Weltmeister. Reutemann beendete frustriert seine Saison als Vizemeister, Williams gewann immerhin die Konstrukteurswertung."
1982,"Keke Rosberg","Didier Pironi","Ferrari","McLaren-Ford","Keke Rosberg gewann 1982 mit nur einem Saisonsieg die extrem ausgeglichene WM, Didier Pironi wurde trotz Verletzung Vizeweltmeister.","Die Saison 1982 war geprägt von Vielfalt und Tragik: In 16 Rennen gab es 11 verschiedene Sieger. Keke Rosberg (Williams) holte mit nur einem Sieg den Titel dank Konstanz. Ferrari war zwar schnell – Didier Pironi führte die WM an, verunglückte aber schwer in Hockenheim. Pironi blieb trotz verpasster Saisonenden Zweiter. Ferrari gewann nach den tödlichen Unfällen von Gilles Villeneuve und Ricardo Paletti dennoch die Konstrukteurs-WM."
1983,"Nelson Piquet","Alain Prost","Ferrari","Renault","Nelson Piquet wurde 1983 im Brabham-BMW erster Turbo-Weltmeister, Alain Prost verlor den Titel knapp und wurde Zweiter.","1983 setzte sich erstmals ein Turbo-betriebenes Auto durch: Nelson Piquet gewann im Brabham-BMW seinen zweiten Titel. Er überholte den bis dahin führenden Alain Prost (Renault) in den letzten Rennen der Saison. Prost blieb nur Rang 2; Ferrari profitierte von der Rivalität und holte mit konstanter Punktesammlung den Konstrukteurstitel."
1984,"Niki Lauda","Alain Prost","McLaren-TAG","Ferrari","Niki Lauda gewann 1984 im McLaren seinen dritten Titel – mit nur einem halben Punkt Vorsprung vor Alain Prost (knappster Abstand der Geschichte).","McLaren-TAG war 1984 mit 12 Saisonsiegen das überragende Team. Die beiden McLaren-Piloten machten den Titel unter sich aus: Niki Lauda und Alain Prost gewannen je 7 bzw. 7½ (durch Abbruch) Rennen. Am Ende wurde Lauda mit dem hauchdünnen Vorsprung von 0,5 Punkten Weltmeister – dem knappsten WM-Ausgang aller Zeiten."
1985,"Alain Prost","Michele Alboreto","McLaren-TAG","Ferrari","Alain Prost errang 1985 im McLaren seinen ersten WM-Titel und wurde damit der erste französische Formel-1-Weltmeister; Michele Alboreto wurde Zweiter.","Prost krönte sich 1985 zum ersten französischen Weltmeister. Er gewann fünf Grands Prix und hielt Ferraris Michele Alboreto in Schach, der bis zum Spätsommer mithielt, dann aber durch technische Defekte zurückfiel. Prost sicherte sich den Titel zwei Rennen vor Schluss, während McLaren und Ferrari in der Konstrukteurswertung ebenfalls auf den Plätzen 1 und 2 landeten."
1986,"Alain Prost","Nigel Mansell","Williams-Honda","McLaren-TAG","Alain Prost verteidigte 1986 seinen Titel in einem Herzschlagfinale gegen die Williams-Piloten Mansell und Piquet.","1986 lieferten sich drei Fahrer einen harten Titelkampf: Die Williams-Teamkollegen Nigel Mansell und Nelson Piquet sowie Titelverteidiger Alain Prost (McLaren). Beim Finale in Adelaide platzte Mansell bei hoher Geschwindigkeit ein Reifen, worauf Williams aus Sicherheitsgründen Piquet an die Box holte. Prost nutzte die Chance, gewann das Rennen und damit überraschend seinen zweiten WM-Titel. Mansell und Piquet mussten sich mit Rang 2 und 3 begnügen; Williams tröstete sich mit dem Gewinn der Konstrukteurs-WM."
1987,"Nelson Piquet","Nigel Mansell","Williams-Honda","McLaren-TAG","Nelson Piquet gewann 1987 im Williams-Honda seinen dritten WM-Titel, Teamkollege Nigel Mansell fiel nach Verletzung aus und wurde Zweiter.","Williams dominierte 1987 erneut. Nelson Piquet fuhr zwar nur drei Siege ein, punktete aber beständig und profitierte vom Unfallpech seines Teamkollegen Nigel Mansell, der nach einem Trainingscrash die letzten Rennen verpasste. Piquet sicherte sich so seinen dritten Titel, Mansell wurde erneut Vizeweltmeister. Williams gewann souverän den Konstrukteurspokal."
1988,"Ayrton Senna","Alain Prost","McLaren-Honda","Ferrari","Ayrton Senna wurde 1988 im dominanten McLaren-Honda erstmals Weltmeister, Alain Prost wurde trotz mehr Punkten (vor Streichresultaten) Zweiter.","Die Saison 1988 stand ganz im Zeichen der McLaren-Honda-Dominanz: Das Team gewann 15 von 16 Rennen. Ayrton Senna und Alain Prost machten den Titel unter sich aus. Senna gewann achtmal und errang seinen ersten Titel, während Prost trotz mehr Gesamtpunkten nach dem Streichergebnis-System Zweiter wurde. McLaren holte mit Rekordvorsprung die Konstrukteurs-WM."
1989,"Alain Prost","Ayrton Senna","McLaren-Honda","Ferrari","Alain Prost gewann 1989 seinen dritten Titel nach der Kollision mit Teamrivale Ayrton Senna in Suzuka, der später disqualifiziert wurde.","Das brisante Duell der McLaren-Piloten gipfelte 1989 im bekannten Eklat von Suzuka: Prost und Senna kollidierten miteinander. Prost schied aus und sicherte sich damit praktisch den Titel, da Senna zwar weiterfuhr und gewann, jedoch wegen einer Regelwidrigkeit disqualifiziert wurde. Alain Prost wurde zum dritten Mal Weltmeister und verließ McLaren im Streit. Senna blieb nur Platz 2; McLaren siegte erneut bei den Konstrukteuren."
1990,"Ayrton Senna","Alain Prost","McLaren-Honda","Ferrari","Ayrton Senna holte 1990 seinen zweiten Titel – erneut entschied ein umstrittener Crash mit Alain Prost (nun Ferrari) in Suzuka vorzeitig die WM.","Wie ein Jahr zuvor fiel die Entscheidung um die WM in Suzuka: Diesmal kollidierte Ayrton Senna gleich am Start mit Alain Prost (der inzwischen für Ferrari fuhr). Beide schieden aus, wodurch Senna vorzeitig Weltmeister wurde. Der Vorfall löste Kontroversen aus, da viele Sennas absichtliches Vorgehen vermuteten. Prost wurde Vizeweltmeister, Ferrari unterlag McLaren in der Konstrukteurswertung."
1991,"Ayrton Senna","Nigel Mansell","McLaren-Honda","Williams-Renault","Ayrton Senna gewann 1991 im McLaren seinen dritten WM-Titel, Nigel Mansell wurde im aufstrebenden Williams Zweiter.","Senna startete 1991 furios mit vier Siegen und legte den Grundstein für seinen dritten Titel. Nigel Mansell und das Williams-Team steigerten sich im Saisonverlauf zusehends – Mansell gewann fünf Rennen – konnten Senna aber nicht mehr einholen. Mansell wurde Vizeweltmeister, Williams setzte sich jedoch als neues Top-Team in Szene und verpasste McLaren knapp den Konstrukteurstitel."
1992,"Nigel Mansell","Riccardo Patrese","Williams-Renault","McLaren-Honda","Nigel Mansell dominierte 1992 im überlegenen Williams-Renault und wurde überlegen Weltmeister, Teamkollege Riccardo Patrese wurde Zweiter.","1992 war Williams-Renault mit dem high-tech FW14B (aktivem Fahrwerk) unschlagbar. Nigel Mansell gewann neun von 16 Rennen und sicherte sich den WM-Titel bereits fünf Rennen vor Schluss – so früh wie noch kein Fahrer zuvor. Teamkollege Riccardo Patrese komplettierte den Williams-Doppelsieg bei den Fahrern. McLaren fiel deutlich zurück, sodass Williams auch die Konstrukteurs-WM klar gewann."
1993,"Alain Prost","Ayrton Senna","Williams-Renault","McLaren-Ford","Alain Prost errang 1993 im Williams-Renault seinen vierten und letzten Titel, Ayrton Senna wurde im schwächeren McLaren Vizeweltmeister.","Williams dominierte auch 1993 mit Alain Prost, der nach einjähriger Pause zurückkehrte. Prost gewann sieben Rennen und holte souverän seinen vierten WM-Titel, um danach vom aktiven Rennsport zurückzutreten. Ayrton Senna gelangen im leistungsschwächeren McLaren-Ford dennoch fünf beeindruckende Siege (u.a. im Regen von Donington), was ihm die Vizemeisterschaft einbrachte. Williams gewann überlegen den Konstrukteurstitel."
1994,"Michael Schumacher","Damon Hill","Williams-Renault","Benetton-Ford","Michael Schumacher gewann 1994 in einem kontroversen Finale seinen ersten WM-Titel, Damon Hill wurde Zweiter; die Saison war von Tragödien (u.a. Sennas Tod) überschattet.","1994 wurde von zwei Tragödien geprägt: Imola erlebte mit den tödlichen Unfällen von Roland Ratzenberger und Ayrton Senna ein schwarzes Wochenende. Sportlich entwickelte sich ein harter Zweikampf zwischen Michael Schumacher (Benetton) und Damon Hill (Williams). Schumacher gewann sechs der ersten sieben Rennen, wurde aber mehrfach disqualifiziert/gesperrt. Im letzten Lauf in Adelaide kam es zur Kollision zwischen den Titelrivalen, wobei Schumacher ausschied und Hill mit beschädigtem Wagen ebenfalls nicht punkten konnte – Schumacher wurde somit knapp Weltmeister. Hill blieb der Vize-Titel, Williams gewann als Trost die Konstrukteurs-WM."
1995,"Michael Schumacher","Damon Hill","Benetton-Renault","Williams-Renault","Michael Schumacher verteidigte 1995 im Benetton seinen WM-Titel überlegen, Damon Hill wurde wie im Vorjahr Zweiter.","Schumacher dominierte 1995 mit neun Saisonsiegen und entschied die WM bereits zwei Rennen vor Schluss für sich – es war sein zweiter Titel in Folge. Damon Hill im Williams musste sich erneut deutlich geschlagen geben und beging einige Fahrfehler im Titelduell. Benetton-Renault schlug Williams auch in der Konstrukteurswertung und errang den ersten Teamtitel der jungen Firmengeschichte."
1996,"Damon Hill","Jacques Villeneuve","Williams-Renault","Ferrari","Damon Hill gewann 1996 im Williams die Weltmeisterschaft und trat damit in die Fußstapfen seines Vaters Graham Hill; Rookie Jacques Villeneuve wurde knapp Zweiter.","1996 wurde zur Williams-Show: Damon Hill erfüllte sich im dritten Anlauf den Titeltraum und machte die Hill-Familie zum ersten Vater-Sohn-Weltmeisterpaar. Hill gewann acht Rennen. Sein Teamkollege, der Formel-1-Neuling Jacques Villeneuve, beeindruckte mit vier Siegen und forderte Hill bis zum Finale in Suzuka, wo Hill den entscheidenden Sieg holte. Villeneuve wurde Vizemeister; Williams dominierte klar die Konstrukteurswertung."
1997,"Jacques Villeneuve","Heinz-Harald Frentzen","Williams-Renault","Ferrari","Jacques Villeneuve sicherte Williams 1997 den Titel, nachdem Michael Schumacher im Finale mit einer Kollision ausschied und disqualifiziert wurde.","Die Saison 1997 endete kontrovers: Michael Schumacher (Ferrari) und Jacques Villeneuve (Williams) gingen punktgleich ins Finale in Jerez. Als Villeneuve zum Überholen ansetzte, kollidierte Schumacher mit ihm; Schumacher schied aus, Villeneuve wurde trotz beschädigtem Wagen Dritter und holte den Titel. Schumacher wurde anschließend aus der WM-Wertung ausgeschlossen. Williams feierte den Fahrer- und Konstrukteurstitel, während Villeneuves Teamkollege Heinz-Harald Frentzen dadurch Rang 2 der Fahrer-WM übernahm."
1998,"Mika Häkkinen","Michael Schumacher","McLaren-Mercedes","Ferrari","Mika Häkkinen gewann 1998 im McLaren-Mercedes seinen ersten WM-Titel, Michael Schumacher hielt im Ferrari lange dagegen und wurde Zweiter.","1998 markierte eine neue Ära: Schmalere Autos mit Rillenreifen. McLaren-Mercedes kam damit am besten zurecht. Mika Häkkinen gewann acht Rennen und krönte sich zum ersten Mal zum Weltmeister. Michael Schumacher errang sechs Siege für Ferrari und hielt den Titelkampf bis zum letzten Rennen offen, musste sich aber letztlich geschlagen geben. McLaren gewann außerdem die Konstrukteurs-WM."
1999,"Mika Häkkinen","Eddie Irvine","Ferrari","McLaren-Mercedes","Mika Häkkinen verteidigte 1999 seinen Titel knapp gegen Ferraris Eddie Irvine, nachdem Michael Schumacher sich midseason verletzt hatte.","Die WM 1999 verlief wechselhaft: Michael Schumacher brach sich in Silverstone ein Bein, wodurch Ferrari auf Eddie Irvine setzen musste. Irvine führte zeitweise die WM an, aber Mika Häkkinen behielt die Nerven. Häkkinen gewann fünf Rennen und errang seinen zweiten Titel mit zwei Punkten Vorsprung auf Irvine. Ferrari tröstete sich mit dem ersten Konstrukteurstitel seit 16 Jahren."
2000,"Michael Schumacher","Mika Häkkinen","Ferrari","McLaren-Mercedes","Michael Schumacher gewann 2000 im Ferrari die Weltmeisterschaft und bescherte Ferrari den ersten Fahrertitel seit 1979; Mika Häkkinen wurde Zweiter.","Nach über zwei Jahrzehnten Wartezeit holte Ferrari 2000 endlich wieder den Fahrer-Titel: Michael Schumacher gewann neun Rennen und setzte sich nach einem spannenden Duell mit Mika Häkkinen (McLaren) durch. Schumacher sicherte den Titel im vorletzten Rennen von Suzuka. Häkkinen wurde Vizemeister; Ferrari gewann zum zweiten Mal in Folge die Konstrukteurs-WM."
2001,"Michael Schumacher","David Coulthard","Ferrari","McLaren-Mercedes","Michael Schumacher dominierte 2001 und verteidigte seinen WM-Titel mühelos; David Coulthard (McLaren) wurde mit großem Rückstand Zweiter.","Schumacher und Ferrari befanden sich 2001 in einer eigenen Liga. Mit neun Siegen aus 17 Rennen fixierte Schumacher bereits im August (in Ungarn) seinen vierten WM-Titel. David Coulthard im McLaren war als Gesamtzweiter chancenlos gegen Schumacher. Ferrari gewann 2001 10 Rennen und sicherte sich erneut souverän die Konstrukteurs-WM."
2002,"Michael Schumacher","Rubens Barrichello","Ferrari","Williams-BMW","Michael Schumacher stellte 2002 mit 11 Siegen einen Rekord auf und wurde zum fünften Mal Weltmeister; Rubens Barrichello komplettierte als Zweiter den Ferrari-Doppelsieg.","2002 war Ferrari absolut überlegen: Michael Schumacher stand bei allen 17 Rennen auf dem Podium (11 Siege) und gewann die WM bereits im Juli – es war sein fünfter Titel (Einstellung des Fangio-Rekords). Teamkollege Rubens Barrichello wurde mit 4 Siegen Vizeweltmeister, was Ferrari einen dominanten Doppelerfolg bescherte. Allerdings gab es Kritik an Ferraris Teamorder, insbesondere nach dem inszenierten Doppelfinish in Österreich."
2003,"Michael Schumacher","Kimi Räikkönen","Ferrari","Williams-BMW","Michael Schumacher gewann 2003 seinen sechsten WM-Titel äußerst knapp mit 2 Punkten Vorsprung auf Kimi Räikkönen.","2003 wurde das Punktesystem (10-8-6-...) erweitert, was für engere Abstände sorgte. Michael Schumacher errang nur sechs Saisonsiege (nach wetterbedingt schwierigem Jahr), rettete aber am Ende mit 93 Punkten zwei Zähler mehr ins Ziel als Kimi Räikkönen (McLaren). Damit holte Schumacher seinen sechsten Titel und übertraf den Rekord von Juan Manuel Fangio. Ferrari gewann nach einem harten Kampf gegen Williams auch die Konstrukteurs-WM."
2004,"Michael Schumacher","Rubens Barrichello","Ferrari","BAR-Honda","Michael Schumacher dominierte 2004 im Ferrari mit 13 Saisonsiegen und sicherte sich überlegen seinen siebten WM-Titel; Rubens Barrichello wurde Zweiter.","2004 erreichte Ferraris Dominanz ihren Höhepunkt. Michael Schumacher gewann 13 von 18 Rennen – ein neuer Rekord – und stand bereits sechs Rennen vor Schluss als Weltmeister fest (sein siebter Titel). Teamkollege Rubens Barrichello gewann zwei Läufe und wurde mit Respektabstand Zweiter. Ferrari triumphierte auch in der Konstrukteurswertung, während die Konkurrenz (BAR, Renault) nur um die restlichen Podestplätze kämpfte."
2005,"Fernando Alonso","Kimi Räikkönen","Renault","McLaren-Mercedes","Fernando Alonso wurde 2005 im Renault zum damals jüngsten Weltmeister, Kimi Räikkönen im schnelleren, aber fragilen McLaren wurde Zweiter.","Ein Generationswechsel: Fernando Alonso durchbrach 2005 die Ferrari-Ära und wurde mit 24 Jahren der bis dahin jüngste Weltmeister. Er gewann sieben Rennen für Renault und profitierte von der Unzuverlässigkeit des McLaren-Mercedes von Kimi Räikkönen, der trotz vergleichbarer Pace häufig ausfiel. Alonso sicherte sich den Titel zwei Rennen vor Schluss, Räikkönen blieb nur Rang 2. Renault schlug McLaren auch knapp in der Konstrukteurs-WM."
2006,"Fernando Alonso","Michael Schumacher","Renault","Ferrari","Fernando Alonso verteidigte 2006 seinen Titel erfolgreich gegen Michael Schumacher, der nach Saisonende seine Karriere (vorerst) beendete.","2006 war geprägt vom spannenden Duell zwischen Fernando Alonso (Renault) und einem wiedererstarkten Michael Schumacher (Ferrari). Alonso gewann zu Saisonbeginn sechs Rennen, Schumacher konterte im Sommer und gleichte nach Siegen aus. Ein Motorschaden für Schumacher in Suzuka brachte Alonso die Vorentscheidung; er holte seinen zweiten Titel, während Schumacher als Zweiter abtrat (bis zu seinem Comeback). Renault gewann erneut die Konstrukteurs-WM."
2007,"Kimi Räikkönen","Lewis Hamilton","Ferrari","BMW Sauber","Kimi Räikkönen gewann 2007 im Ferrari den Titel mit einem Punkt Vorsprung, nachdem McLaren wegen einer Spionageaffäre disqualifiziert wurde; Lewis Hamilton wurde Vize.","Die WM 2007 verlief bis zum Schluss hochdramatisch. Der als Außenseiter ins Finale gestartete Kimi Räikkönen gewann in Brasilien und drehte die WM noch zu seinen Gunsten. Er wurde mit 110 Punkten Weltmeister, knapp vor den beiden McLaren-Rookies Lewis Hamilton und Fernando Alonso (je 109). McLaren wurde in der Konstrukteurs-WM wegen der Spionageaffäre komplett ausgeschlossen, wodurch Ferrari auch diesen Titel erhielt und BMW Sauber offiziell Zweiter wurde. Hamilton wurde in seinem Debütjahr Fahrer-Vizeweltmeister."
2008,"Lewis Hamilton","Felipe Massa","Ferrari","McLaren-Mercedes","Lewis Hamilton gewann 2008 seinen ersten WM-Titel mit nur einem Punkt Vorsprung vor Felipe Massa in einem dramatischen Saisonfinale.","Die WM 2008 ging erst in der letzten Kurve des letzten Rennens zu Gunsten von Lewis Hamilton aus. Felipe Massa gewann das Finale in Brasilien und wähnte sich kurz als Weltmeister, doch Hamilton überholte im strömenden Regen auf den letzten Metern Timo Glock und holte genau die nötigen Punkte für den Titel (einen Zähler vor Massa). Ferrari gewann den Konstrukteurstitel, während der 23-jährige Hamilton als jüngster Weltmeister (bis dahin) in die Geschichte einging."
2009,"Jenson Button","Sebastian Vettel","Brawn-Mercedes","Red Bull-Renault","Jenson Button wurde 2009 im Überraschungsteam Brawn GP Weltmeister, Sebastian Vettel im Red Bull belegte Rang 2.","2009 brachte massive Regeländerungen (u.a. Wegfall vieler Aerodynamik-Extras). Das neue Brawn GP Team (hervorgegangen aus dem Honda-Ausstieg) nutzte einen Doppeldiffusor-Trick und dominierte Saisonbeginn: Jenson Button gewann sechs der ersten sieben Rennen. Obwohl Red Bull mit Sebastian Vettel später aufholte, reichte es Button zum Titelgewinn zwei Rennen vor Schluss. Vettel wurde Zweiter, Brawn GP gewann als Neuling sofort die Konstrukteurs-WM und stellte anschließend den Rennbetrieb ein (Verkauf an Mercedes)."
2010,"Sebastian Vettel","Fernando Alonso","Red Bull-Renault","McLaren-Mercedes","Sebastian Vettel gewann 2010 in einem Vierkampf seinen ersten WM-Titel und wurde zum jüngsten Formel-1-Weltmeister; Fernando Alonso wurde Zweiter.","2010 war bis zum Finale spannend: Vier Fahrer hatten Titelchancen (Vettel, Webber, Alonso, Hamilton). Sebastian Vettel (Red Bull) setzte sich am Ende durch und holte in Abu Dhabi als damals jüngster Fahrer den WM-Titel – obwohl er erst im letzten Rennen erstmals die Tabellenführung übernahm. Fernando Alonso (Ferrari) wurde nach einer taktischen Fehlentscheidung im Finale nur Zweiter. Red Bull Racing gewann ebenfalls erstmals die Konstrukteurs-WM."
2011,"Sebastian Vettel","Jenson Button","Red Bull-Renault","McLaren-Mercedes","Sebastian Vettel dominierte 2011 im Red Bull nach Belieben und verteidigte seinen Titel; Jenson Button wurde entfernter Zweiter.","Red Bull und Sebastian Vettel waren 2011 klar überlegen. Vettel gewann 11 von 19 Rennen und stand bereits vier Rennen vor Schluss erneut als Weltmeister fest. Den zweiten Platz der Fahrerwertung sicherte sich Jenson Button (McLaren) mit großem Abstand vor Vettels Teamkollegen Mark Webber. Red Bull verteidigte mühelos die Konstrukteursmeisterschaft."
2012,"Sebastian Vettel","Fernando Alonso","Red Bull-Renault","Ferrari","Sebastian Vettel gewann 2012 seinen dritten WM-Titel in Folge knapp mit 3 Punkten Vorsprung auf Fernando Alonso; die Saison war extrem ausgeglichen.","2012 erlebte einen Rekord von sieben verschiedenen Siegern in den ersten sieben Rennen. Am Ende triumphierte erneut Sebastian Vettel (Red Bull): Er drehte in der zweiten Saisonhälfte einen Rückstand und holte seinen dritten Titel in Serie – mit nur 3 Punkten vor Fernando Alonso (Ferrari). Die Entscheidung fiel im nervenaufreibenden Regenfinale von São Paulo, als Vettel nach einer Kollision vom Ende des Feldes bis auf Platz 6 vorfuhr. Red Bull gewann zum dritten Mal in Folge die Konstrukteurs-WM."
2013,"Sebastian Vettel","Fernando Alonso","Red Bull-Renault","Mercedes","Sebastian Vettel dominierte 2013 und wurde mit 13 Saisonsiegen zum vierten Mal in Folge Weltmeister; Fernando Alonso wurde erneut Zweiter.","2013 geriet zur One-Man-Show: Sebastian Vettel gewann die letzten neun Rennen hintereinander (insgesamt 13 Siege, Einstellung des Schumacher-Rekords) und sicherte sich überlegen seinen vierten WM-Titel. Fernando Alonso (Ferrari) blieb wie schon 2010 und 2012 nur der zweite Platz. Red Bull triumphierte zum vierten Mal nacheinander bei den Konstrukteuren, bevor zur nächsten Saison ein Reglementwechsel anstand."
2014,"Lewis Hamilton","Nico Rosberg","Mercedes","Red Bull-Renault","Lewis Hamilton gewann 2014 im Mercedes den Titel der neuen Turbo-Hybrid-Ära, Teamkollege Nico Rosberg wurde nach einem engen Duell Zweiter.","Mit der Einführung der Hybrid-Turbomotoren dominierte Mercedes die WM nach Belieben. Lewis Hamilton und Nico Rosberg gewannen zusammen 16 von 19 Rennen. Die beiden Mercedes-Fahrer kämpften bis zum Finale um den Titel: Hamilton entschied das Duell durch einen Sieg in Abu Dhabi für sich und holte seinen zweiten WM-Titel. Rosberg wurde trotz zwischenzeitlicher WM-Führung Zweiter. Mercedes gewann überlegen die Konstrukteurs-WM, während Ex-Champion Vettel (Red Bull) sieglos blieb."
2015,"Lewis Hamilton","Nico Rosberg","Mercedes","Ferrari","Lewis Hamilton verteidigte 2015 seinen Titel erfolgreich; er dominierte im Mercedes und distanzierte Sebastian Vettel (Ferrari) und Nico Rosberg deutlich.","Auch 2015 war Mercedes klar überlegen. Lewis Hamilton gewann erneut 10 Rennen und machte den Titel vorzeitig perfekt (sein dritter). Sein Teamkollege Nico Rosberg blieb wie im Vorjahr nur die Rolle des Vizemeisters, trotz einiger Spätsaisonsiege. Ferrari erholte sich etwas: Sebastian Vettel gewann drei Grands Prix und wurde WM-Dritter. Mercedes sicherte sich bereits in Russland vorzeitig den erneuten Teamtitel."
2016,"Nico Rosberg","Lewis Hamilton","Mercedes","Red Bull-TAG Heuer","Nico Rosberg erfüllte sich 2016 den Titeltraum und schlug Lewis Hamilton knapp; fünf Tage nach dem Gewinn verkündete Rosberg überraschend seinen Rücktritt.","2016 lieferten sich die Mercedes-Fahrer erneut einen harten Zweikampf. Nico Rosberg gewann die ersten vier Rennen und baute einen Vorsprung auf. Lewis Hamilton konterte in der Mitte der Saison, doch Rosberg behielt die Nerven. Trotz gleicher Saisonsieg-Anzahl (je 9) entschied Rosberg die WM mit fünf Punkten Vorsprung für sich. Wenige Tage nach dem Titelgewinn trat er als Weltmeister zurück. Hamilton wurde Zweiter und Mercedes zum dritten Mal Konstrukteurs-Champion."
2017,"Lewis Hamilton","Sebastian Vettel","Mercedes","Ferrari","Lewis Hamilton holte 2017 seinen vierten WM-Titel. Er setzte sich im Saisonverlauf gegen Sebastian Vettel (Ferrari) durch, der am Ende Zweiter wurde.","2017 trat ein neues Aerodynamik-Reglement in Kraft (breitere Autos), und Ferrari startete stark: Sebastian Vettel führte die WM zur Saisonhalbzeit an. Doch Lewis Hamilton und Mercedes schlugen ab Spätsommer zurück – auch begünstigt durch Vettels Ausfälle (Startcrash in Singapur, Motorschaden in Japan). Hamilton zog vorbei und gewann seinen vierten Titel zwei Rennen vor Schluss. Vettel musste sich als Zweiter begnügen, Mercedes gewann zum vierten Mal in Folge die Konstrukteurs-WM."
2018,"Lewis Hamilton","Sebastian Vettel","Mercedes","Ferrari","Lewis Hamilton gewann 2018 seinen fünften WM-Titel, erneut vor Sebastian Vettel. Hamiltons Mercedes-Team war vor allem in der Saisonhälfte zwei überlegen.","Erneut duellierten sich Vettel und Hamilton um die WM. Zunächst lag Vettel vorne, doch ein Fahrfehler (Abflug in Führung liegend beim Heimrennen in Hockenheim) leitete die Wende ein. Hamilton gewann anschließend fast alle Rennen und sicherte sich am Ende souverän seinen fünften Titel. Vettel und Ferrari unterlagen erneut und wurden Zweite. Mercedes triumphierte abermals in der Konstrukteurswertung."
2019,"Lewis Hamilton","Valtteri Bottas","Mercedes","Ferrari","Lewis Hamilton dominierte 2019 klar und holte seinen sechsten WM-Titel, Valtteri Bottas belegte im zweiten Mercedes Gesamtrang 2.","Mercedes blieb auch 2019 das Maß aller Dinge. Lewis Hamilton holte mit 11 Saisonsiegen seinen sechsten Titel, teamintern gefolgt von Valtteri Bottas. Ferrari und Red Bull gewannen jeweils nur wenige Rennen und konnten die Mercedes-Dominanz nicht brechen. Mercedes sicherte sich den sechsten Teamtitel in Folge."
2020,"Lewis Hamilton","Valtteri Bottas","Mercedes","Red Bull-Honda","Lewis Hamilton wurde 2020 mit 11 Saisonsiegen zum siebten Mal Weltmeister und egalisierte Schumachers Rekord; Valtteri Bottas wurde erneut Zweiter.","Die von Corona verkürzte Saison 2020 wurde von Mercedes und Lewis Hamilton dominiert. Hamilton gewann 11 von 17 Rennen und stellte mit seinem siebten Titel Michael Schumachers Rekord ein. Teamkollege Valtteri Bottas blieb klar Zweiter; Ferrari erlebte hingegen eine Krisensaison ohne Sieg. Mercedes blieb in der Konstrukteurswertung ungeschlagen."
2021,"Max Verstappen","Lewis Hamilton","Mercedes","Red Bull-Honda","Max Verstappen gewann 2021 seinen ersten WM-Titel in einem hochdramatischen Zweikampf mit Lewis Hamilton, der im kontroversen Abu-Dhabi-Finale entschieden wurde.","Die Saison 2021 gilt als eine der spannendsten der Formel-1-Geschichte. Max Verstappen (Red Bull) und Titelverteidiger Lewis Hamilton (Mercedes) kämpften bis zur letzten Runde des letzten Rennens Kopf an Kopf um die WM. Im Finale von Abu Dhabi führte Hamilton, ehe eine späte Safety-Car-Phase und Rennleitungsentscheidungen Verstappen doch noch den Angriff ermöglichten. Verstappen überholte in der letzten Runde und wurde Weltmeister, Hamilton wurde enttäuschter Zweiter. Mercedes gewann zum achten Mal in Folge die Konstrukteurs-WM, während Red Bull den Teamtitel knapp verpasste."
2022,"Max Verstappen","Charles Leclerc","Red Bull-RBPT","Ferrari","Max Verstappen dominierte 2022 im Red Bull mit 15 Siegen und verteidigte mühelos seinen Titel; Charles Leclerc (Ferrari) wurde entfernter Zweiter.","2022 brachte neue technische Regeln (Ground-Effect-Fahrzeuge). Ferrari startete stark in die Saison, doch Red Bull und Max Verstappen übernahmen ab dem Sommer die Kontrolle. Verstappen stellte mit 15 Saisonsiegen einen neuen Rekord auf und gewann frühzeitig seinen zweiten Titel. Ferraris Hoffnungen schwanden durch Strategiepannen und Zuverlässigkeitsprobleme – Charles Leclerc wurde mit großem Abstand Zweiter der WM. Red Bull holte zudem erstmals seit 2013 wieder den Konstrukteurstitel, da Mercedes und Ferrari nicht konstant genug punkteten."
2023,"Max Verstappen","Sergio Pérez","Red Bull-Honda RBPT","Mercedes","Max Verstappen dominierte 2023 nach Belieben und wurde mit 19 Siegen zum dritten Mal Weltmeister; Sergio Pérez belegte im zweiten Red Bull Platz 2.","Red Bull war 2023 erdrückend überlegen: Das Team gewann die ersten 14 Rennen in Serie. Max Verstappen stellte mit 19 Siegen und 454 Punkten neue Bestmarken auf und sicherte sich seinen dritten Titel bereits vier Rennen vor Schluss. Sein Teamkollege Sergio Pérez gewann zwei Rennen zu Saisonbeginn, konnte Verstappen aber nicht annähernd gefährden und wurde Zweiter. Mercedes schlug Ferrari im Kampf um Platz 2 der Konstrukteure, während Red Bull einen neuen Punkterekord in der Teamwertung aufstellte."
2024,"Max Verstappen","Lando Norris","McLaren-Mercedes","Ferrari","Max Verstappen holte 2024 seinen vierten WM-Titel in Folge, doch McLaren feierte mit Norris als Vize und dem Gewinn der Team-WM ein beeindruckendes Comeback.","2024 zeichnete sich durch die Auferstehung von McLaren aus. Während Max Verstappen im Red Bull erneut die Fahrer-WM dominierte und sich zum vierten Mal in Serie den Titel sicherte, entwickelte sich McLaren zum stärksten Team. Lando Norris und Oscar Piastri erzielten mehrere Doppelsiege für McLaren, wodurch Norris am Saisonende Zweiter der Fahrerwertung wurde. McLaren gewann zudem erstmals seit 25 Jahren wieder die Konstrukteurs-Weltmeisterschaft, womit die lange Siegesserie von Red Bull beendet wurde."
